"67","118","88","59","218","205","82","87","163","247","61","21","152","162","202","45","153"
"66","77","208","220","130","177","1","200","10","186","192","164","213","126","103","248","89"
"58","209","172","32","253","20","149","127","171","194","113","150","233","246","231","2","74"
"71","151","43","110","116","66","14","197","25","230","249","217","125","89","74","163","124"
"75","205","12","15","250","173","147","99","236","20","221","37","236","221","42","91","98"
"62","194","80","26","114","101","75","150","248","99","80","197","169","39","150","47","122"
"60","114","169","122","36","169","152","227","165","80","15","56","113","243","118","40","192"
"69","138","206","141","177","105","226","249","138","195","106","213","44","8","142","119","193"
"74","148","109","86","89","242","250","243","39","192","183","236","130","139","116","138","219"
"70","154","137","204","126","58","203","41","207","20","198","11","193","59","30","70","22"
"61","56","50","215","196","42","172","146","104","240","11","231","182","180","142","201","175"
"72","171","85","174","27","240","199","197","25","175","240","40","193","86","16","164","91"
"59","198","197","246","199","247","53","215","217","76","135","38","127","164","153","77","69"
"63","216","59","188","180","108","196","56","177","122","72","231","108","79","86","84","163"
"64","240","253","225","210","155","39","79","110","125","189","183","255","129","95","233","16"
"65","133","112","144","217","38","187","40","174","218","75","240","40","202","204","75","163"
"68","31","141","70","127","93","109","65","31","138","84","139","99","41","165","8","126"
"105","193","78","236","141","90","238","249","63","168","17","212","80","180","228","110","145"
"103","162","85","98","16","174","84","34","230","214","30","218","175","18","44","182","55"
